{
  "total_records": 84000,
  "unique_tourists": 500,
  "date_range": {
    "start": "2025-08-28T00:55:27.021340",
    "end": "2025-09-10T22:55:28.065284"
  },
  "safety_score_stats": {
    "mean": 97.07138261904763,
    "std": 4.056921298157137,
    "min": 71.85,
    "max": 100.0
  },
  "safety_categories": {
    "very_safe": 83713,
    "safe": 287
  },
  "locations": {
    "Shillong": 10663,
    "Kaziranga": 10595,
    "Kohima": 10566,
    "Aizawl": 10488,
    "Guwahati": 10464,
    "Imphal": 10452,
    "Itanagar": 10413,
    "Agartala": 10359
  },
  "weather_conditions": {
    "heavy_rain": 14088,
    "clear": 14083,
    "fog": 14002,
    "snow": 13963,
    "storm": 13957,
    "light_rain": 13907
  }
}