{
  "requests": [
    {
      "data": {
        "tourist_id": "tourist_1001",
        "timestamp": "2025-09-11T14:30:00Z",
        "latitude": 26.1445,
        "longitude": 91.7362,
        "location_name": "Guwahati",
        "state": "Assam",
        "hour": 14,
        "is_night": false,
        "month": 9,
        "speed_kmh": 12.5,
        "time_since_last_checkin": 45,
        "location_risk_level": "medium",
        "zone_risk_score": 0.45,
        "weather_condition": "light_rain",
        "weather_safety_impact": 0.35,
        "visibility_score": 0.8,
        "temperature": 28.3,
        "humidity": 78.0,
        "tourist_profile": "moderate",
        "has_medical_condition": false,
        "tourist_density": 42,
        "local_event_risk": 0.15,
        "communication_events": 3
      }
    },
    {
      "data": {
        "tourist_id": "tourist_1002",
        "timestamp": "2025-09-11T02:15:00Z",
        "latitude": 26.5924,
        "longitude": 93.1650,
        "location_name": "Kaziranga",
        "state": "Assam",
        "hour": 2,
        "is_night": true,
        "month": 9,
        "speed_kmh": 2.0,
        "time_since_last_checkin": 120,
        "location_risk_level": "high",
        "zone_risk_score": 0.78,
        "weather_condition": "fog",
        "weather_safety_impact": 0.65,
        "visibility_score": 0.3,
        "temperature": 22.0,
        "humidity": 85.0,
        "tourist_profile": "beginner",
        "has_medical_condition": true,
        "tourist_density": 12,
        "local_event_risk": 0.6,
        "communication_events": 0
      }
    }
  ]
}
