{
  "data": {
    "tourist_id": "tourist_123",
    "timestamp": "2025-09-11T14:30:00Z",
    "latitude": 26.2006,
    "longitude": 92.9376,
    "location_name": "Kaziranga National Park",
    "state": "Assam",
    "hour": 14,
    "is_night": false,
    "month": 9,

    "speed_kmh": 12.5,
    "time_since_last_checkin": 600,
    "location_risk_level": "medium",
    "zone_risk_score": 0.45,

    "weather_condition": "clear",
    "weather_safety_impact": 0.1,
    "visibility_score": 0.9,
    "temperature": 28.4,
    "humidity": 72.0,

    "tourist_profile": "group",
    "has_medical_condition": false,

    "tourist_density": 120,
    "local_event_risk": 0.05,

    "communication_events": 3
  }
}
