feature,importance
hour,0.09720574173864602
latitude,0.08634117762499662
speed_kmh,0.06710350964015535
temperature,0.0667611634735021
humidity,0.06547708247565283
local_event_risk,0.06512406082309423
longitude,0.06236684576604111
time_since_last_checkin,0.056309951411639296
location_risk_level,0.054841008991234876
location_risk,0.04863956745010181
safety_category,0.047540151511506416
zone_risk_score,0.044467549172218054
tourist_density,0.04380867234351674
weather_safety_impact,0.040181382307198255
visibility_score,0.03791883258160476
weather_condition,0.03652425566647624
weather,0.031731112185268605
communication_events,0.02300164703563455
profile,0.009953227715306705
tourist_profile,0.00975574001644768
month,0.004947320069757871
