{
  "timestamp": "2025-09-10T20:30:00.881272",
  "dataset_size": 84000,
  "columns": [
    "tourist_id",
    "timestamp",
    "latitude",
    "longitude",
    "location_name",
    "state",
    "hour",
    "is_night",
    "month",
    "speed_kmh",
    "time_since_last_checkin",
    "location_risk_level",
    "zone_risk_score",
    "weather_condition",
    "weather_safety_impact",
    "visibility_score",
    "temperature",
    "humidity",
    "tourist_profile",
    "has_medical_condition",
    "tourist_density",
    "local_event_risk",
    "communication_events",
    "safety_score",
    "safety_score_category"
  ],
  "safety_score_range": {
    "min": 71.85,
    "max": 100.0,
    "mean": 97.07138261904763
  },
  "training_status": "success",
  "message": "Training pipeline executed"
}