{
  "categorical_features": {
    "location_risk_level": [
      "low",
      "medium",
      "high"
    ],
    "weather_condition": [
      "clear",
      "light_rain",
      "heavy_rain",
      "storm",
      "fog",
      "snow"
    ],
    "tourist_profile": [
      "beginner",
      "moderate",
      "experienced",
      "adventure_seeker"
    ],
    "safety_score_category": [
      "Very Safe",
      "Safe",
      "Moderate Risk",
      "High Risk",
      "Very High Risk"
    ]
  },
  "numeric_features": [
    "latitude",
    "longitude",
    "hour",
    "month",
    "speed_kmh",
    "time_since_last_checkin",
    "zone_risk_score",
    "weather_safety_impact",
    "visibility_score",
    "temperature",
    "humidity",
    "tourist_density",
    "local_event_risk",
    "communication_events"
  ],
  "categorical_mappings": {
    "location_risk_level": {
      "low": 0,
      "medium": 1,
      "high": 2
    },
    "weather_condition": {
      "clear": 0,
      "light_rain": 1,
      "heavy_rain": 2,
      "storm": 3,
      "fog": 4,
      "snow": 5
    },
    "tourist_profile": {
      "beginner": 0,
      "moderate": 1,
      "experienced": 2,
      "adventure_seeker": 3
    },
    "safety_score_category": {
      "Very Safe": 5,
      "Safe": 4,
      "Moderate Risk": 3,
      "High Risk": 2,
      "Very High Risk": 1
    }
  },
  "target": "safety_score",
  "model_type": "RandomForestRegressor"
}